{"pitch": [-2.9180545163571945, 11.395247749029156, 207.62949047844958, 46.759445376577816], "energy": [-1.431045413017273, 8.184186935424805, 37.32505984850289, 26.043354528640158]}